{
  "learning_rate": 0.0005430967948675092,
  "gamma": 0.810076877832386,
  "n_epochs": 30,
  "ent_coef": 0.06775238779462553,
  "vf_coef": 0.5030536622434826,
  "net_arch": [
    64,
    64
  ]
}