{
  "learning_rate": 0.00036439913233926694,
  "gamma": 0.9528034231553099,
  "n_epochs": 45,
  "ent_coef": 0.020241664046524645,
  "vf_coef": 0.9068277038201439,
  "net_arch": [
    256,
    128
  ]
}