{
  "learning_rate": 0.0009859144010468221,
  "gamma": 0.8989757115134231,
  "n_epochs": 41,
  "ent_coef": 0.010919054179689983,
  "vf_coef": 0.6836117429855735,
  "net_arch": [
    256,
    256
  ]
}