{
  "learning_rate": 0.0002844382552853466,
  "gamma": 0.8382848623241576,
  "n_epochs": 29,
  "ent_coef": 0.05356774224296732,
  "vf_coef": 0.9543219076358855,
  "net_arch": [
    256,
    256
  ]
}